leaf	prerequisites	setting	law_or_property	counterexample	boundary	ct_teaching	mlpl_expression	follow_up
arrows.mlpl	none	finite sets and functions	one function maps each input	no	morphisms need not be functions	strong	strong	none
identity_composition.mlpl	arrows	finite functions	left and right identity	no	finite extensional check	strong	strong	add explicit failure only if pedagogically useful
composition_associativity.mlpl	composition	explicit function-expression trees	associativity	no	finite extensional check	strong	moderate	upstream callable compose ask recorded
commutative_square.mlpl	composition	finite functions	path equality	yes	one finite square	strong	strong	none
products.mlpl	commutative squares	finite records	product universal property	yes	bounded candidate fixture	strong	strong	none
coproducts.mlpl	commutative squares	manually tagged records	coproduct universal property	yes	no static exhaustive sum type	strong	moderate	manual tag boundary retained
array_functor.mlpl	identity and composition	arrays plus each	functor identity and composition	yes	concrete action not generic Functor	strong	strong	none
shape_preservation.mlpl	array mapping	finite arrays	shape preservation versus entry preservation	yes	property-specific fixture	strong	strong	none
natural_transformation.mlpl	functor action	2D arrays and transpose	naturality square	yes	finite instances not general proof	strong	strong	none
homomorphisms.mlpl	category laws and algebra	table-checked finite groups	homomorphisms close under identity/composition	yes	finite algebra fixture	strong	moderate	sibling algebra dependency retained
lawful_reduction.mlpl	associativity	four-value reductions	associative regrouping	yes	finite operational consequence	strong	strong	none
context_map.mlpl	functor action	tagged success/failure records	map identity and composition	yes	concrete context not generic interface	strong	strong	none
kleisli_pipeline.mlpl	context map	fallible record stages	Kleisli identity and associativity	yes	concrete context	strong	strong	none
independent_contexts.mlpl	context map	independent validation records	applicative-style combination	yes	analogy not generic Applicative	strong	moderate	boundary retained
dependent_contexts.mlpl	Kleisli pipeline	dependent record stages	bind dependency and short circuit	yes	analogy not generic Monad	strong	strong	none
fold_fusion.mlpl	associativity and mapping	finite arrays	fold fusion	yes	bounded fixture	strong	strong	none
bounded_unfold.mlpl	finite generation	arithmetic arrays	bounded unfold round trip	yes	no infinite coalgebra claim	strong	strong	none
model_config_lens.mlpl	nested records	model configuration record	three lens laws	yes	concrete optic not generic lens	strong	strong	none
diagonal_product_adjunction.mlpl	products and functors	finite Set product fixture	two triangle identities	yes	advanced leaf assumes staged context	moderate	moderate	parent context now staged
opposite_duality.mlpl	composition	finite arrow relation	opposite reverses arrows and composition	yes	finite presentation	strong	strong	none
universal_endpoints.mlpl	unique arrows	finite sets and pointed fixture	initial terminal and zero universality	yes	zero object only in pointed fixture	strong	moderate	none
equalizer.mlpl	parallel arrows and products	finite sets	equalizer unique factorization	yes	agreeing subset is Set intuition	strong	moderate	none
coequalizer.mlpl	parallel arrows and coproducts	finite quotient labels	coequalizer unique factorization	yes	bounded quotient fixture	strong	moderate	none
pullback.mlpl	products and equalizers	finite keyed records	pullback universal property	yes	keyed join is Set intuition	strong	moderate	none
pushout.mlpl	coproducts and coequalizers	finite tagged schemas	pushout universal property	yes	tagged merge is Set intuition	strong	moderate	none
finite_limits_colimits.mlpl	cones and universal properties	finite arrow diagram	finite limit and colimit universality	yes	bounded candidates only	moderate	moderate	none
representable_hom.mlpl	hom functors	walking-arrow category	representable hom actions and universal element	yes	finite category fixture	moderate	moderate	none
finite_yoneda.mlpl	representables and naturality	walking-arrow category	finite Yoneda round trip	yes	finite correspondence instance; density separated	strong	moderate	none
unique_universal_isomorphism.mlpl	universal properties	finite product candidates	uniqueness up to unique isomorphism	yes	bounded candidates	strong	moderate	none
diagram_constant_diagonal.mlpl	functors and natural transformations	finite chain diagrams	diagonal functor and pointwise composition	yes	finite diagram category	moderate	moderate	none
bounded_indexed_products.mlpl	products and coproducts	three-object discrete diagram	bounded indexed limit and colimit	yes	no arbitrary or infinite family	strong	moderate	none
generalized_bounded_cones.mlpl	finite limits and colimits	two-arrow chain	cone compatibility and bounded universality	yes	bounded mediators only	strong	moderate	none
preservation_creation_reflection.mlpl	functors and finite limits	bounded source and target cone certificates	preservation creation and reflection	yes	finite Boolean universality certificates	strong	moderate	none
filtered_directed_systems.mlpl	filtered categories and finite chains	bounded category and three-stage systems	filtered witnesses and forward/reverse compatibility	yes	finite prefix does not prove an infinite (co)limit	strong	moderate	none
final_initial_functors.mlpl	comma categories and finite limits	bounded comma-category witness vectors	final and initial functor criteria	yes	finite fixtures do not prove general cofinality	strong	moderate	none
finite_exponentials.mlpl	finite functions and products	two-point finite sets	exponential object and evaluation	yes	one finite exponential does not prove cartesian closure	strong	moderate	none
finite_currying.mlpl	finite exponentials and evaluation	binary product-domain function tables	curry uncurry beta and eta	yes	fixed table reshaping not generic callable curry	strong	moderate	none
cartesian_closed_boundary.mlpl	products and finite exponentials	one two-point object pair	internal hom global element and coverage boundary	yes	one pair does not prove cartesian closure	strong	moderate	none
finite_subobjects.mlpl	pullbacks and terminal objects	two-point finite set	subobject classifier characteristic maps and partial domain	yes	membership and partiality are runtime encodings	strong	moderate	none
finite_slices_coslices.mlpl	categories and commutative diagrams	finite objects over or under one base	slice and coslice triangle laws	yes	explicit records not generic slice types	strong	moderate	none
finite_dependent_constructions.mlpl	products coproducts exponentials and slices	finite set-indexed family with flat encoded fibers	dependent sum and dependent product tables	yes	one family and incomplete slice coverage do not prove local cartesian closure	strong	moderate	ragged fibers remain explicitly flat encoded
finite_polynomial_containers.mlpl	functors coproducts products and dependent families	finite sets and P(X)=1+X squared	polynomial payload action and container arity	yes	one explicit container not generic polynomial syntax	strong	moderate	generic shape-indexed mapping remains deferred
finite_monoidal_foundation.mlpl	products composition and commutative diagrams	nested finite tensor records with singleton unit	pentagon and triangle coherence	yes	one explicit tensor fixture not an arbitrary monoidal category	strong	moderate	strictness boundary follows next
finite_monoidal_strictness.mlpl	monoidal coherence and isomorphism	nested finite tensor records	strict equality versus associator isomorphism	yes	one non-strict fixture not a classification of strict categories	strong	strong	none
finite_braided_symmetric.mlpl	monoidal coherence associators and naturality	nested finite tensors with swap braiding	hexagon coherence and involutive symmetry	yes	one symmetric fixture not every braided category	strong	moderate	none
finite_monoid_comonoid.mlpl	monoidal category tensor and duality	finite internal morphism tables	monoid and comonoid diagrams	yes	categorical packaging not algebra classification	strong	moderate	sibling boundary retained
finite_group_module_boundary.mlpl	monoid objects inverses and scope boundary	attributed finite Z2 fixture	group inverse diagram and module evidence gate	yes	CT100 constrained by absent stable module fixture	strong	moderate	add module only after sibling fixture exists
finite_monoidal_functors.mlpl	monoidal coherence functors and naturality	one finite identity-like functor fixture	directed comparisons inverse maps and compatibility	yes	one missing object pair prevents closedness claim	strong	moderate	closedness needs every-pair evidence
finite_dual_compact_boundary.mlpl	tensor unit and identity arrows	one finite self-dual pairing fixture	two typed snake identities	yes	one missing object dual prevents compact closure	strong	moderate	string-diagram topology follows next
finite_string_graphs.mlpl	monoidal tensor composition and typed arrows	one finite four-box port graph	typed connectivity movement and interchange	yes	coordinate movement is one bounded witness	strong	moderate	general isotopy needs graph rewriting
